<?xml version="1.0" encoding="iso-8859-1"?>
<!-- ============================================================================================ -->
	<!--   ABCC40-PIR example GSD: ADI Based RI method                                                -->
	<!-- ============================================================================================ -->
<ISO15745Profile xmlns="http://www.profibus.com/GSDML/2003/11/DeviceProfile" xmlns:xsi="http://www.w3.org/2001/XMLSchema-instance" xsi:schemaLocation="http://www.profibus.com/GSDML/2003/11/DeviceProfile ..\xsd\GSDML-DeviceProfile-V2.33.xsd">
	<ProfileHeader>
		<ProfileIdentification>PROFINET Device Profile</ProfileIdentification>
		<ProfileRevision>1.00</ProfileRevision>
		<ProfileName>Device Profile for PROFINET Devices</ProfileName>
		<ProfileSource>PROFIBUS Nutzerorganisation e. V. (PNO)</ProfileSource>
		<ProfileClassID>Device</ProfileClassID>
		<ISO15745Reference>
			<ISO15745Part>4</ISO15745Part>
			<ISO15745Edition>1</ISO15745Edition>
			<ProfileTechnology>GSDML</ProfileTechnology>
		</ISO15745Reference>
	</ProfileHeader>
	<ProfileBody>
		<DeviceIdentity VendorID="0x020D" DeviceID="0x0010">
			<InfoText TextId="T_ID_DEV_DESCRIPTION"/>
			<VendorName Value="Heraeus Electro-Nite"/>
		</DeviceIdentity>
		<DeviceFunction>
			<Family MainFamily="General" ProductFamily="HEN L2"/>
		</DeviceFunction>
		<ApplicationProcess>
			<!-- ============================================================================================ -->
			<!--   List of Device Access Points (DAP)                                                         -->
			<!-- ============================================================================================ -->
			<DeviceAccessPointList>
				<DeviceAccessPointItem ID="DAP" PhysicalSlots="0..64" ModuleIdentNumber="0x80010000" MinDeviceInterval="8" ImplementationType="NP40" DNS_CompatibleName="ABCC40-PIR" FixedInSlots="0" ObjectUUID_LocalIndex="1" DeviceAccessSupported="true" NumberOfDeviceAccessAR="2" WebServer="http:///" MultipleWriteSupported="true" NameOfStationNotTransferable="true" ParameterizationSpeedupSupported="true" LLDP_NoD_Supported="true" CheckDeviceID_Allowed="true" PowerOnToCommReady="600" ResetToFactoryModes="2 8" RequiredSchemaVersion="V2.25" PNIO_Version="V2.33">
					<ModuleInfo>
						<Name TextId="T_ID_DAP"/>
						<InfoText TextId="T_ID_DAP_DESCRIPTION"/>
						<VendorName Value="Heraeus Electro-Nite"/>
						<OrderNumber Value="Anybus PROFINET M40 module"/>
					</ModuleInfo>
					<CertificationInfo ConformanceClass="C" ApplicationClass="" NetloadClass="III"/>
					<SubslotList>
						<SubslotItem SubslotNumber="32768" TextId="T_ID_SS_INTERFACE"/>
						<SubslotItem SubslotNumber="32769" TextId="T_ID_SS_PORT1"/>
						<SubslotItem SubslotNumber="32770" TextId="T_ID_SS_PORT2"/>
					</SubslotList>
					<IOConfigData MaxInputLength="1440" MaxOutputLength="1440"/>
					<UseableModules>
						<ModuleItemRef ModuleItemTarget="ID_MODULE_ADI1" AllowedInSlots="1..64"/>
						<ModuleItemRef ModuleItemTarget="ID_MODULE_ADI2" AllowedInSlots="1..64"/>
						<ModuleItemRef ModuleItemTarget="ID_MODULE_ADI3" AllowedInSlots="1..64"/>
						<ModuleItemRef ModuleItemTarget="ID_MODULE_ADI4" AllowedInSlots="1..64"/>
						<ModuleItemRef ModuleItemTarget="ID_MODULE_ADI101" AllowedInSlots="1..64"/>
						<ModuleItemRef ModuleItemTarget="ID_MODULE_ADI102" AllowedInSlots="1..64"/>
						<ModuleItemRef ModuleItemTarget="ID_MODULE_ADI103" AllowedInSlots="1..64"/>
						<ModuleItemRef ModuleItemTarget="ID_MODULE_ADI104" AllowedInSlots="1..64"/>
					</UseableModules>
					<VirtualSubmoduleList>
						<VirtualSubmoduleItem ID="DAP" SubmoduleIdentNumber="0x00000001" Writeable_IM_Records="1 2 3" IM5_Supported="true" MayIssueProcessAlarm="false">
							<IOData/>
							<ModuleInfo>
								<Name TextId="T_ID_DAP"/>
								<InfoText TextId="T_ID_DAP_DESCRIPTION"/>
							</ModuleInfo>
						</VirtualSubmoduleItem>
					</VirtualSubmoduleList>
					<SystemDefinedSubmoduleList>
						<InterfaceSubmoduleItem ID="Interface" SubslotNumber="32768" SubmoduleIdentNumber="0x00000002" SupportedRT_Classes="RT_CLASS_1;RT_CLASS_3" TextId="T_ID_INTERFACE" SupportedProtocols="SNMP;LLDP" DCP_HelloSupported="true" PTP_BoundarySupported="true" DCP_BoundarySupported="true" DelayMeasurementSupported="true">
							<RT_Class3Properties StartupMode="Legacy;Advanced" ForwardingMode="Relative" MaxNumberIR_FrameData="128" MaxBridgeDelay="2760"/>
							<SynchronisationMode SupportedRole="SyncSlave" T_PLL_MAX="1000" SupportedSyncProtocols="PTCP"/>
							<ApplicationRelations StartupMode="Legacy;Advanced">
								<TimingProperties SendClock="8 16 32 64 128" ReductionRatio="1 2 4 8 16 32 64 128 256 512"/>
								<RT_Class3TimingProperties SendClock="8 16 32 64 128" ReductionRatio="1 2 4 8 16"/>
							</ApplicationRelations>
							<MediaRedundancy SupportedRole="Client"/>
						</InterfaceSubmoduleItem>
						<PortSubmoduleItem ID="Port 1" SubslotNumber="32769" SubmoduleIdentNumber="0x00000003" MAUTypes="16" TextId="T_ID_PORT1" MaxPortRxDelay="209" MaxPortTxDelay="129" PortDeactivationSupported="true" LinkStateDiagnosisCapability="Up+Down" SupportsRingportConfig="true" IsDefaultRingport="true" CheckMAUTypeSupported="true" CheckMAUTypeDifferenceSupported="true">
							<MAUTypeList ExtensionSupported="true">
								<MAUTypeItem Value="16" AdjustSupported="true"/>
							</MAUTypeList>
						</PortSubmoduleItem>
						<PortSubmoduleItem ID="Port 2" SubslotNumber="32770" SubmoduleIdentNumber="0x00000003" MAUTypes="16" TextId="T_ID_PORT2" MaxPortRxDelay="209" MaxPortTxDelay="129" PortDeactivationSupported="true" LinkStateDiagnosisCapability="Up+Down" SupportsRingportConfig="true" IsDefaultRingport="true" CheckMAUTypeSupported="true" CheckMAUTypeDifferenceSupported="true">
							<MAUTypeList ExtensionSupported="true">
								<MAUTypeItem Value="16" AdjustSupported="true"/>
							</MAUTypeList>
						</PortSubmoduleItem>
					</SystemDefinedSubmoduleList>
				</DeviceAccessPointItem>
			</DeviceAccessPointList>
			<!-- ============================================================================================ -->
			<!--   List of modules                                                                            -->
			<!-- ============================================================================================ -->
			<ModuleList>
				<!-- Input modules -->
				<!-- ADI 1 (1 element), data type = Byte, direction = input -->
				<ModuleItem ID="ID_MODULE_ADI1" ModuleIdentNumber="0x00000001">
					<ModuleInfo CategoryRef="CAT_REF_IN_MODULES">
						<Name TextId="T_ID_MODULE_NAME_ADI1"/>
						<InfoText TextId="T_ID_INFO_TEXT_ADI"/>
					</ModuleInfo>
					<VirtualSubmoduleList>
						<VirtualSubmoduleItem ID="ID_SUBMOD_ADI1_GROUP" SubmoduleIdentNumber="0x00000100" FixedInSubslots="1" MayIssueProcessAlarm="false">
							<IOData>
								<Input Consistency="All items consistency">
									<DataItem DataType="Unsigned8" TextId="T_ID_DATAITEM_ADI_ELEMENT1"/>
								</Input>
							</IOData>
							<ModuleInfo>
								<Name TextId="T_ID_MODULE_NAME_ADI1"/>
								<InfoText TextId="T_ID_SUBMOD_INFO_ELEMENT_GROUP"/>
							</ModuleInfo>
						</VirtualSubmoduleItem>
					</VirtualSubmoduleList>
				</ModuleItem>
				<!-- ADI 2 (1 element), data type = Word, direction = input -->
				<ModuleItem ID="ID_MODULE_ADI2" ModuleIdentNumber="0x00000002">
					<ModuleInfo CategoryRef="CAT_REF_IN_MODULES">
						<Name TextId="T_ID_MODULE_NAME_ADI2"/>
						<InfoText TextId="T_ID_INFO_TEXT_ADI"/>
					</ModuleInfo>
					<VirtualSubmoduleList>
						<VirtualSubmoduleItem ID="ID_SUBMOD_ADI2_GROUP" SubmoduleIdentNumber="0x00000100" FixedInSubslots="1" MayIssueProcessAlarm="false">
							<IOData>
								<Input Consistency="All items consistency">
									<DataItem DataType="Unsigned16" TextId="T_ID_DATAITEM_ADI_ELEMENT1"/>
								</Input>
							</IOData>
							<ModuleInfo>
								<Name TextId="T_ID_MODULE_NAME_ADI2"/>
								<InfoText TextId="T_ID_SUBMOD_INFO_ELEMENT_GROUP"/>
							</ModuleInfo>
						</VirtualSubmoduleItem>
					</VirtualSubmoduleList>
				</ModuleItem>
				<!-- ADI 3 (8 elements), data type = Word, direction = input -->
				<ModuleItem ID="ID_MODULE_ADI3" ModuleIdentNumber="0x00000003">
					<ModuleInfo CategoryRef="CAT_REF_IN_MODULES">
						<Name TextId="T_ID_MODULE_NAME_ADI3"/>
						<InfoText TextId="T_ID_INFO_TEXT_ADI"/>
					</ModuleInfo>
					<VirtualSubmoduleList>
						<VirtualSubmoduleItem ID="ID_SUBMOD_ADI3_GROUP" SubmoduleIdentNumber="0x00000800" FixedInSubslots="1" MayIssueProcessAlarm="false">
							<IOData>
								<Input Consistency="All items consistency">
									<DataItem DataType="Unsigned16" TextId="T_ID_DATAITEM_ADI_ELEMENT1"/>
									<DataItem DataType="Unsigned16" TextId="T_ID_DATAITEM_ADI_ELEMENT2"/>
									<DataItem DataType="Unsigned16" TextId="T_ID_DATAITEM_ADI_ELEMENT3"/>
									<DataItem DataType="Unsigned16" TextId="T_ID_DATAITEM_ADI_ELEMENT4"/>
									<DataItem DataType="Unsigned16" TextId="T_ID_DATAITEM_ADI_ELEMENT5"/>
									<DataItem DataType="Unsigned16" TextId="T_ID_DATAITEM_ADI_ELEMENT6"/>
									<DataItem DataType="Unsigned16" TextId="T_ID_DATAITEM_ADI_ELEMENT7"/>
									<DataItem DataType="Unsigned16" TextId="T_ID_DATAITEM_ADI_ELEMENT8"/>
								</Input>
							</IOData>
							<ModuleInfo>
								<Name TextId="T_ID_MODULE_NAME_ADI3"/>
								<InfoText TextId="T_ID_SUBMOD_INFO_ELEMENT_GROUP"/>
							</ModuleInfo>
						</VirtualSubmoduleItem>
					</VirtualSubmoduleList>
				</ModuleItem>
			<!-- ADI 4 (16 elements), data type = Word, direction = input -->
				<ModuleItem ID="ID_MODULE_ADI4" ModuleIdentNumber="0x00000004">
					<ModuleInfo CategoryRef="CAT_REF_IN_MODULES">
						<Name TextId="T_ID_MODULE_NAME_ADI4"/>
						<InfoText TextId="T_ID_INFO_TEXT_ADI"/>
					</ModuleInfo>
					<VirtualSubmoduleList>
						<VirtualSubmoduleItem ID="ID_SUBMOD_ADI4_GROUP" SubmoduleIdentNumber="0x00001000" FixedInSubslots="1" MayIssueProcessAlarm="false">
							<IOData>
								<Input Consistency="All items consistency">
									<DataItem DataType="Unsigned16" TextId="T_ID_DATAITEM_ADI_ELEMENT1"/>
									<DataItem DataType="Unsigned16" TextId="T_ID_DATAITEM_ADI_ELEMENT2"/>
									<DataItem DataType="Unsigned16" TextId="T_ID_DATAITEM_ADI_ELEMENT3"/>
									<DataItem DataType="Unsigned16" TextId="T_ID_DATAITEM_ADI_ELEMENT4"/>
									<DataItem DataType="Unsigned16" TextId="T_ID_DATAITEM_ADI_ELEMENT5"/>
									<DataItem DataType="Unsigned16" TextId="T_ID_DATAITEM_ADI_ELEMENT6"/>
									<DataItem DataType="Unsigned16" TextId="T_ID_DATAITEM_ADI_ELEMENT7"/>
									<DataItem DataType="Unsigned16" TextId="T_ID_DATAITEM_ADI_ELEMENT8"/>
									<DataItem DataType="Unsigned16" TextId="T_ID_DATAITEM_ADI_ELEMENT9"/>
									<DataItem DataType="Unsigned16" TextId="T_ID_DATAITEM_ADI_ELEMENT10"/>
									<DataItem DataType="Unsigned16" TextId="T_ID_DATAITEM_ADI_ELEMENT11"/>
									<DataItem DataType="Unsigned16" TextId="T_ID_DATAITEM_ADI_ELEMENT12"/>
									<DataItem DataType="Unsigned16" TextId="T_ID_DATAITEM_ADI_ELEMENT13"/>
									<DataItem DataType="Unsigned16" TextId="T_ID_DATAITEM_ADI_ELEMENT14"/>
									<DataItem DataType="Unsigned16" TextId="T_ID_DATAITEM_ADI_ELEMENT15"/>
									<DataItem DataType="Unsigned16" TextId="T_ID_DATAITEM_ADI_ELEMENT16"/>
								</Input>
							</IOData>
							<ModuleInfo>
								<Name TextId="T_ID_MODULE_NAME_ADI4"/>
								<InfoText TextId="T_ID_SUBMOD_INFO_ELEMENT_GROUP"/>
							</ModuleInfo>
						</VirtualSubmoduleItem>
					</VirtualSubmoduleList>
				</ModuleItem>										
				
				<!-- Output modules -->				
				<!-- ADI 101 (1 element), data type = Byte, direction = output -->
				<ModuleItem ID="ID_MODULE_ADI101" ModuleIdentNumber="0x00000101">
					<ModuleInfo CategoryRef="CAT_REF_OUT_MODULES">
						<Name TextId="T_ID_MODULE_NAME_ADI101"/>
						<InfoText TextId="T_ID_INFO_TEXT_ADI"/>
					</ModuleInfo>
					<VirtualSubmoduleList>
						<VirtualSubmoduleItem ID="ID_SUBMOD_ADI101_GROUP" SubmoduleIdentNumber="0x10000100" FixedInSubslots="1" MayIssueProcessAlarm="false">
							<IOData>
								<Output Consistency="All items consistency">
									<DataItem DataType="Unsigned8" TextId="T_ID_DATAITEM_ADI_ELEMENT1"/>
								</Output>
							</IOData>
							<ModuleInfo>
								<Name TextId="T_ID_MODULE_NAME_ADI101"/>
								<InfoText TextId="T_ID_SUBMOD_INFO_ELEMENT_GROUP"/>
							</ModuleInfo>
						</VirtualSubmoduleItem>
					</VirtualSubmoduleList>
				</ModuleItem>
				<!-- ADI 102 (1 element), data type = Word, direction = output -->
				<ModuleItem ID="ID_MODULE_ADI102" ModuleIdentNumber="0x00000102">
					<ModuleInfo CategoryRef="CAT_REF_OUT_MODULES">
						<Name TextId="T_ID_MODULE_NAME_ADI102"/>
						<InfoText TextId="T_ID_INFO_TEXT_ADI"/>
					</ModuleInfo>
					<VirtualSubmoduleList>
						<VirtualSubmoduleItem ID="ID_SUBMOD_ADI102_GROUP" SubmoduleIdentNumber="0x10000100" FixedInSubslots="1" MayIssueProcessAlarm="false">
							<IOData>
								<Output Consistency="All items consistency">
									<DataItem DataType="Unsigned16" TextId="T_ID_DATAITEM_ADI_ELEMENT1"/>
								</Output>
							</IOData>
							<ModuleInfo>
								<Name TextId="T_ID_MODULE_NAME_ADI102"/>
								<InfoText TextId="T_ID_SUBMOD_INFO_ELEMENT_GROUP"/>
							</ModuleInfo>
						</VirtualSubmoduleItem>
					</VirtualSubmoduleList>
				</ModuleItem>
				<!-- ADI 103 (8 element), data type = Word, direction = output -->
				<ModuleItem ID="ID_MODULE_ADI103" ModuleIdentNumber="0x00000103">
					<ModuleInfo CategoryRef="CAT_REF_OUT_MODULES">
						<Name TextId="T_ID_MODULE_NAME_ADI103"/>
						<InfoText TextId="T_ID_INFO_TEXT_ADI"/>
					</ModuleInfo>
					<VirtualSubmoduleList>
						<VirtualSubmoduleItem ID="ID_SUBMOD_ADI103_GROUP" SubmoduleIdentNumber="0x10000800" FixedInSubslots="1" MayIssueProcessAlarm="false">
							<IOData>
								<Output Consistency="All items consistency">
									<DataItem DataType="Unsigned16" TextId="T_ID_DATAITEM_ADI_ELEMENT1"/>
									<DataItem DataType="Unsigned16" TextId="T_ID_DATAITEM_ADI_ELEMENT2"/>
									<DataItem DataType="Unsigned16" TextId="T_ID_DATAITEM_ADI_ELEMENT3"/>
									<DataItem DataType="Unsigned16" TextId="T_ID_DATAITEM_ADI_ELEMENT4"/>
									<DataItem DataType="Unsigned16" TextId="T_ID_DATAITEM_ADI_ELEMENT5"/>
									<DataItem DataType="Unsigned16" TextId="T_ID_DATAITEM_ADI_ELEMENT6"/>
									<DataItem DataType="Unsigned16" TextId="T_ID_DATAITEM_ADI_ELEMENT7"/>
									<DataItem DataType="Unsigned16" TextId="T_ID_DATAITEM_ADI_ELEMENT8"/>
									</Output>
							</IOData>
							<ModuleInfo>
								<Name TextId="T_ID_MODULE_NAME_ADI103"/>
								<InfoText TextId="T_ID_SUBMOD_INFO_ELEMENT_GROUP"/>
							</ModuleInfo>
						</VirtualSubmoduleItem>
					</VirtualSubmoduleList>
				</ModuleItem>
				<!-- ADI 104 (16 element), data type = Word, direction = output -->
				<ModuleItem ID="ID_MODULE_ADI104" ModuleIdentNumber="0x00000104">
					<ModuleInfo CategoryRef="CAT_REF_OUT_MODULES">
						<Name TextId="T_ID_MODULE_NAME_ADI104"/>
						<InfoText TextId="T_ID_INFO_TEXT_ADI"/>
					</ModuleInfo>
					<VirtualSubmoduleList>
						<VirtualSubmoduleItem ID="ID_SUBMOD_ADI104_GROUP" SubmoduleIdentNumber="0x10001000" FixedInSubslots="1" MayIssueProcessAlarm="false">
							<IOData>
								<Output Consistency="All items consistency">
									<DataItem DataType="Unsigned16" TextId="T_ID_DATAITEM_ADI_ELEMENT1"/>
									<DataItem DataType="Unsigned16" TextId="T_ID_DATAITEM_ADI_ELEMENT2"/>
									<DataItem DataType="Unsigned16" TextId="T_ID_DATAITEM_ADI_ELEMENT3"/>
									<DataItem DataType="Unsigned16" TextId="T_ID_DATAITEM_ADI_ELEMENT4"/>
									<DataItem DataType="Unsigned16" TextId="T_ID_DATAITEM_ADI_ELEMENT5"/>
									<DataItem DataType="Unsigned16" TextId="T_ID_DATAITEM_ADI_ELEMENT6"/>
									<DataItem DataType="Unsigned16" TextId="T_ID_DATAITEM_ADI_ELEMENT7"/>
									<DataItem DataType="Unsigned16" TextId="T_ID_DATAITEM_ADI_ELEMENT8"/>
									<DataItem DataType="Unsigned16" TextId="T_ID_DATAITEM_ADI_ELEMENT9"/>
									<DataItem DataType="Unsigned16" TextId="T_ID_DATAITEM_ADI_ELEMENT10"/>
									<DataItem DataType="Unsigned16" TextId="T_ID_DATAITEM_ADI_ELEMENT11"/>
									<DataItem DataType="Unsigned16" TextId="T_ID_DATAITEM_ADI_ELEMENT12"/>
									<DataItem DataType="Unsigned16" TextId="T_ID_DATAITEM_ADI_ELEMENT13"/>
									<DataItem DataType="Unsigned16" TextId="T_ID_DATAITEM_ADI_ELEMENT14"/>
									<DataItem DataType="Unsigned16" TextId="T_ID_DATAITEM_ADI_ELEMENT15"/>
									<DataItem DataType="Unsigned16" TextId="T_ID_DATAITEM_ADI_ELEMENT16"/>
								</Output>
							</IOData>
							<ModuleInfo>
								<Name TextId="T_ID_MODULE_NAME_ADI104"/>
								<InfoText TextId="T_ID_SUBMOD_INFO_ELEMENT_GROUP"/>
							</ModuleInfo>
						</VirtualSubmoduleItem>
					</VirtualSubmoduleList>
				</ModuleItem>
			</ModuleList>
			<!-- ============================================================================================ -->
			<!--   List of categorys                                                                          -->
			<!-- ============================================================================================ -->
			<CategoryList>
				<CategoryItem ID="CAT_REF_IN_MODULES" TextId="T_ID_CAT_REF_IN_MODULES"/>
				<CategoryItem ID="CAT_REF_OUT_MODULES" TextId="T_ID_CAT_REF_OUT_MODULES"/>
			</CategoryList>
			<!-- ============================================================================================ -->
			<!--   ExternalTextList                                                                           -->
			<!-- ============================================================================================ -->
			<ExternalTextList>
				<PrimaryLanguage>
					<!--Identification-->
					<Text TextId="T_ID_DAP" Value="DAP"/>
					<Text TextId="T_ID_DEV_DESCRIPTION" Value="HEN L2 PROFINET Interface"/>
					<Text TextId="T_ID_DAP_DESCRIPTION" Value="Supports RT, IRT and non-cyclic communications"/>
					<Text TextId="T_ID_SS_INTERFACE" Value="X1"/>
					<Text TextId="T_ID_SS_PORT1" Value="P1"/>
					<Text TextId="T_ID_SS_PORT2" Value="P2"/>
					<Text TextId="T_ID_INTERFACE" Value="Interface"/>
					<Text TextId="T_ID_PORT1" Value="Port 1"/>
					<Text TextId="T_ID_PORT2" Value="Port 2"/>
					<!--Vendor module category-->
					<Text TextId="T_ID_CAT_REF_IN_MODULES" Value="Input"/>
					<Text TextId="T_ID_CAT_REF_OUT_MODULES" Value="Output"/>
					<!-- Vendor module texts -->
					<Text TextId="T_ID_INFO_TEXT_ADI" Value="ADI number"/>
					<Text TextId="T_ID_SUBMOD_INFO_ELEMENT_GROUP" Value="ADI element group"/>
					<Text TextId="T_ID_MODULE_NAME_ADI1" Value="1 byte (input)"/>
					<Text TextId="T_ID_MODULE_NAME_ADI2" Value="1 word  (input)"/>
					<Text TextId="T_ID_MODULE_NAME_ADI3" Value="8 words (input)"/>
					<Text TextId="T_ID_MODULE_NAME_ADI4" Value="16 words (input)"/>
					<Text TextId="T_ID_MODULE_NAME_ADI101" Value="1 byte (output)"/>
					<Text TextId="T_ID_MODULE_NAME_ADI102" Value="1 word (output)"/>
					<Text TextId="T_ID_MODULE_NAME_ADI103" Value="8 words (output)"/>
					<Text TextId="T_ID_MODULE_NAME_ADI104" Value="16 words (output)"/>
					<Text TextId="T_ID_DATAITEM_ADI_ELEMENT1" Value="Element #1"/>
					<Text TextId="T_ID_DATAITEM_ADI_ELEMENT2" Value="Element #2"/>
					<Text TextId="T_ID_DATAITEM_ADI_ELEMENT3" Value="Element #3"/>
					<Text TextId="T_ID_DATAITEM_ADI_ELEMENT4" Value="Element #4"/>
					<Text TextId="T_ID_DATAITEM_ADI_ELEMENT5" Value="Element #5"/>
					<Text TextId="T_ID_DATAITEM_ADI_ELEMENT6" Value="Element #6"/>
					<Text TextId="T_ID_DATAITEM_ADI_ELEMENT7" Value="Element #7"/>
					<Text TextId="T_ID_DATAITEM_ADI_ELEMENT8" Value="Element #8"/>
					<Text TextId="T_ID_DATAITEM_ADI_ELEMENT9" Value="Element #9"/>
					<Text TextId="T_ID_DATAITEM_ADI_ELEMENT10" Value="Element #10"/>
					<Text TextId="T_ID_DATAITEM_ADI_ELEMENT11" Value="Element #11"/>
					<Text TextId="T_ID_DATAITEM_ADI_ELEMENT12" Value="Element #12"/>
					<Text TextId="T_ID_DATAITEM_ADI_ELEMENT13" Value="Element #13"/>
					<Text TextId="T_ID_DATAITEM_ADI_ELEMENT14" Value="Element #14"/>
					<Text TextId="T_ID_DATAITEM_ADI_ELEMENT15" Value="Element #15"/>
					<Text TextId="T_ID_DATAITEM_ADI_ELEMENT16" Value="Element #16"/>
				</PrimaryLanguage>
			</ExternalTextList>
		</ApplicationProcess>
	</ProfileBody>
</ISO15745Profile>
